Date,SP500,Dividend,Earnings,Consumer Price Index,Long Interest Rate,Real Price,Real Dividend,Real Earnings,PE10,Monthly % Change
1/1/90,339.97,11.14,22.49,127.4,8.21,666.69,21.85,44.1,17.05,-2.800247081
2/1/90,330.45,11.23,22.08,128,8.47,644.99,21.92,43.1,16.51,2.423967317
3/1/90,338.46,11.32,21.67,128.7,8.59,657.03,21.97,42.07,16.83,-0.082727649
4/1/90,338.18,11.44,21.53,128.9,8.79,655.46,22.17,41.74,16.81,3.56910521
5/1/90,350.25,11.55,21.4,129.2,8.76,677.28,22.34,41.38,17.39,2.895074946
6/1/90,360.39,11.66,21.26,129.9,8.48,693.13,22.43,40.89,17.82,-0.099891784
7/1/90,360.03,11.73,21.42,130.4,8.47,689.79,22.47,41.04,17.75,-8.132655612
8/1/90,330.75,11.78,21.58,131.6,8.75,627.91,22.37,40.97,16.17,-4.637944067
9/1/90,315.41,11.83,21.74,132.7,8.89,593.83,22.27,40.93,15.3,-2.628325037
10/1/90,307.12,11.93,21.61,133.5,8.72,574.75,22.32,40.44,14.82,2.660197968
11/1/90,315.29,12.01,21.47,133.8,8.39,588.72,22.43,40.1,15.19,4.269085604
12/1/90,328.75,12.09,21.34,133.8,8.08,613.85,22.57,39.85,15.85,-0.991634981
1/1/91,325.49,12.11,21.18,134.6,8.09,604.15,22.47,39.32,15.61,11.29681403
2/1/91,362.26,12.11,21.03,134.8,7.85,671.41,22.45,38.97,17.35,2.765969193
3/1/91,372.28,12.11,20.94,135,8.11,688.95,22.41,38.75,17.82,1.987751155
4/1/91,379.68,12.13,20.36,135.2,8.04,701.61,22.41,37.63,18.16,-0.445111673
5/1/91,377.99,12.14,19.86,135.6,8.07,696.43,22.37,36.58,18.04,0.079367179
6/1/91,378.29,12.15,19.41,136,8.28,694.93,22.32,35.66,18.02,0.512834069
7/1/91,380.23,12.19,18.84,136.2,8.27,697.47,22.37,34.56,18.1,2.411698183
8/1/91,389.4,12.24,18.33,136.6,7.9,712.2,22.38,33.52,18.51,-0.564971751
9/1/91,387.2,12.28,17.82,137.2,7.65,705.08,22.36,32.45,18.36,-0.082644628
10/1/91,386.88,12.25,17.2,137.4,7.53,703.47,22.28,31.28,18.35,-0.248138958
11/1/91,385.92,12.23,16.59,137.8,7.42,699.68,22.17,30.07,18.29,0.671123549
12/1/91,388.51,12.2,15.97,137.9,7.09,703.87,22.1,28.93,18.44,7.096342436
1/1/92,416.08,12.24,16.05,138.1,7.03,752.73,22.14,29.03,19.77,-0.845991156
2/1/92,412.56,12.28,16.12,138.6,7.34,743.67,22.14,29.06,19.58,-1.260422726
3/1/92,407.36,12.32,16.19,139.3,7.54,730.6,22.1,29.04,19.28,0.012274156
4/1/92,407.41,12.32,16.48,139.5,7.48,729.65,22.06,29.52,19.3,1.816352078
5/1/92,414.81,12.32,16.77,139.7,7.39,741.83,22.03,29.99,19.66,-1.576625443
6/1/92,408.27,12.32,17.05,140.2,7.26,727.53,21.95,30.38,19.32,1.660665736
7/1/92,415.05,12.34,17.38,140.5,6.84,738.04,21.95,30.9,19.62,0.693892302
8/1/92,417.93,12.37,17.71,140.9,6.59,741.05,21.93,31.4,19.72,0.131600986
9/1/92,418.48,12.4,18.04,141.3,6.42,739.92,21.92,31.9,19.71,-1.428981074
10/1/92,412.5,12.39,18.39,141.8,6.59,726.78,21.82,32.4,19.37,2.506666667
11/1/92,422.84,12.38,18.74,142,6.87,743.95,21.79,32.97,19.83,3.027149749
12/1/92,435.64,12.39,19.09,141.9,6.77,767.01,21.81,33.61,20.45,-0.094114406
1/1/93,435.23,12.41,19.34,142.6,6.6,762.52,21.75,33.88,20.32,1.486570319
2/1/93,441.7,12.45,19.59,143.1,6.26,771.16,21.73,34.2,20.55,1.915327145
3/1/93,450.16,12.48,19.84,143.6,5.98,783.19,21.71,34.52,20.86,-1.572774125
4/1/93,443.08,12.49,19.67,144,5.97,768.73,21.68,34.13,20.46,0.489753543
5/1/93,445.25,12.51,19.5,144.2,6.04,771.42,21.67,33.78,20.52,0.63110612
6/1/93,448.06,12.52,19.33,144.4,5.96,775.22,21.66,33.44,20.61,-0.171851984
7/1/93,447.29,12.52,19.69,144.4,5.81,773.88,21.66,34.07,20.56,1.529209238
8/1/93,454.13,12.52,20.05,144.8,5.68,783.55,21.6,34.59,20.81,1.125228459
9/1/93,459.24,12.52,20.41,145.1,5.36,790.73,21.56,35.14,20.99,1.014719972
10/1/93,463.9,12.54,20.9,145.7,5.33,795.46,21.5,35.84,21.11,-0.217719336
11/1/93,462.89,12.56,21.39,145.8,5.72,793.18,21.52,36.65,21.04,0.661064184
12/1/93,465.95,12.58,21.89,145.8,5.77,798.43,21.56,37.51,21.16,1.510891727
1/1/94,472.99,12.62,22.16,146.2,5.75,808.27,21.57,37.86,21.41,-0.298103554
2/1/94,471.58,12.67,22.43,146.7,5.97,803.12,21.57,38.2,21.26,-1.647652572
3/1/94,463.81,12.71,22.71,147.2,6.48,787.2,21.57,38.54,20.83,-3.574739656
4/1/94,447.23,12.75,23.54,147.4,6.97,758.03,21.62,39.9,20.06,0.820606847
5/1/94,450.9,12.8,24.37,147.5,7.18,763.73,21.68,41.28,20.2,0.871590153
6/1/94,454.83,12.84,25.2,148,7.1,767.79,21.67,42.54,20.29,-0.754127916
7/1/94,451.4,12.87,25.91,148.4,7.3,759.94,21.67,43.62,20.07,2.844483828
8/1/94,464.24,12.9,26.62,149,7.24,778.41,21.63,44.64,20.54,0.585903843
9/1/94,466.96,12.92,27.33,149.4,7.46,780.88,21.61,45.7,20.58,-0.674575981
10/1/94,463.81,13.01,28.42,149.5,7.74,775.09,21.75,47.49,20.4,-0.603695479
11/1/94,461.01,13.1,29.51,149.7,7.96,769.38,21.86,49.25,20.21,-1.2624455
12/1/94,455.19,13.17,30.6,149.7,7.81,759.67,21.98,51.07,19.91,2.210066126
1/1/95,465.25,13.18,31.25,150.3,7.78,773.36,21.91,51.95,20.22,3.583019882
2/1/95,481.92,13.18,31.9,150.9,7.47,797.88,21.82,52.81,20.8,2.330262284
3/1/95,493.15,13.17,32.55,151.4,7.2,813.78,21.73,53.71,21.15,2.993004157
4/1/95,507.91,13.24,33.18,151.9,7.06,835.38,21.78,54.57,21.64,3.130475872
5/1/95,523.81,13.31,33.8,152.2,6.63,859.83,21.84,55.49,22.2,2.966724576
6/1/95,539.35,13.36,34.43,152.5,6.17,883.6,21.89,56.41,22.72,3.341058682
7/1/95,557.37,13.44,34.68,152.5,6.28,913.12,22.02,56.82,23.38,0.312180419
8/1/95,559.11,13.51,34.93,152.9,6.49,913.57,22.08,57.07,23.28,3.516302695
9/1/95,578.77,13.58,35.18,153.2,6.2,943.85,22.15,57.37,23.95,0.717037856
10/1/95,582.92,13.65,34.77,153.7,6.04,947.52,22.19,56.52,23.93,2.163247101
11/1/95,595.53,13.72,34.37,153.6,5.93,968.65,22.32,55.9,24.35,3.197152117
12/1/95,614.57,13.79,33.96,153.5,5.71,1000.27,22.44,55.27,25.03,-0.024407309
1/1/96,614.42,13.89,33.99,154.4,5.65,994.2,22.48,54.99,24.76,5.715959767
2/1/96,649.54,14,34.01,154.9,5.81,1047.63,22.58,54.86,25.98,-0.380269114
3/1/96,647.07,14.1,34.04,155.7,6.27,1038.29,22.62,54.62,25.63,0.015454279
4/1/96,647.17,14.16,34.33,156.3,6.51,1034.46,22.63,54.87,25.42,2.17253581
5/1/96,661.23,14.21,34.62,156.6,6.74,1054.91,22.68,55.23,25.81,1.099466146
6/1/96,668.5,14.27,34.91,156.7,6.91,1065.83,22.75,55.66,25.97,-3.654450262
7/1/96,644.07,14.4,35.27,157,6.87,1024.91,22.91,56.13,24.86,2.889437484
8/1/96,662.68,14.53,35.64,157.3,6.64,1052.52,23.08,56.6,25.41,1.841009235
9/1/96,674.88,14.66,36,157.8,6.83,1068.5,23.21,57,25.68,3.938477952
10/1/96,701.46,14.74,36.91,158.3,6.53,1107.07,23.26,58.25,26.48,4.876970889
11/1/96,735.67,14.82,37.82,158.6,6.2,1158.87,23.35,59.58,27.59,1.030353283
12/1/96,743.25,14.9,38.73,158.6,6.3,1170.81,23.47,61.01,27.72,3.090480996
1/1/97,766.22,14.95,39.23,159.1,6.58,1203.2,23.48,61.61,28.33,4.198533058
2/1/97,798.39,15.01,39.74,159.6,6.42,1249.79,23.49,62.2,29.27,-0.780320395
3/1/97,792.16,15.06,40.24,160,6.69,1236.94,23.52,62.83,28.8,-3.563674005
4/1/97,763.93,15.09,40.34,160.2,6.89,1191.37,23.54,62.92,27.59,9.053185501
5/1/97,833.09,15.13,40.45,160.1,6.71,1300.03,23.61,63.12,29.93,5.18551417
6/1/97,876.29,15.16,40.55,160.3,6.49,1365.74,23.63,63.2,31.26,5.591756154
7/1/97,925.29,15.22,40.58,160.5,6.22,1440.31,23.69,63.17,32.77,0.210744739
8/1/97,927.24,15.27,40.61,160.8,6.3,1440.66,23.73,63.1,32.59,1.054743109
9/1/97,937.02,15.33,40.64,161.2,6.21,1452.24,23.76,62.99,32.67,1.509039295
10/1/97,951.16,15.39,40.33,161.6,6.03,1470.5,23.79,62.36,32.9,-1.286849741
11/1/97,938.92,15.44,40.03,161.5,5.88,1452.48,23.89,61.92,32.34,2.497550377
12/1/97,962.37,15.5,39.72,161.3,5.81,1490.6,24.01,61.52,33.03,0.102871037
1/1/98,963.36,15.55,39.66,161.6,5.54,1489.37,24.04,61.31,32.86,6.26764657
2/1/98,1023.74,15.6,39.6,161.9,5.57,1579.78,24.07,61.11,34.71,5.185887042
3/1/98,1076.83,15.64,39.54,162.2,5.65,1658.63,24.09,60.9,36.3,3.28464103
4/1/98,1112.2,15.75,39.35,162.5,5.64,1709.95,24.21,60.5,37.28,-0.33986693
5/1/98,1108.42,15.85,39.16,162.8,5.65,1701,24.32,60.1,36.96,-0.002706555
6/1/98,1108.39,15.95,38.97,163,5.5,1698.87,24.45,59.73,36.8,4.347747634
7/1/98,1156.58,16.02,38.68,163.2,5.46,1770.56,24.52,59.21,38.26,-7.086409933
8/1/98,1074.62,16.08,38.38,163.4,5.34,1643.07,24.59,58.69,35.42,-5.023170981
9/1/98,1020.64,16.14,38.09,163.6,4.81,1558.63,24.65,58.17,33.53,1.159076658
10/1/98,1032.47,16.17,37.96,164,4.53,1572.85,24.63,57.83,33.77,10.84389861
11/1/98,1144.43,16.18,37.84,164,4.83,1743.41,24.65,57.64,37.37,3.986263904
12/1/98,1190.05,16.2,37.71,163.9,4.65,1814.01,24.69,57.48,38.82,4.93424646
1/1/99,1248.77,16.28,37.93,164.3,4.72,1898.89,24.76,57.68,40.58,-0.175372567
2/1/99,1246.58,16.37,38.16,164.5,5,1893.25,24.86,57.95,40.4,2.814099376
3/1/99,1281.66,16.45,38.38,165,5.23,1940.63,24.91,58.11,41.36,4.143064463
4/1/99,1334.76,16.45,39.26,166.2,5.18,2006.44,24.73,59.02,42.7,-0.201534358
5/1/99,1332.07,16.45,40.14,166.2,5.54,2002.4,24.73,60.34,42.56,-0.714677157
6/1/99,1322.55,16.45,41.02,166.2,5.9,1988.09,24.73,61.66,42.18,4.418736532
7/1/99,1380.99,16.51,42,166.7,5.79,2069.71,24.75,62.95,43.83,-3.874032397
8/1/99,1327.49,16.58,42.98,167.1,5.94,1984.76,24.78,64.26,41.93,-0.702076852
9/1/99,1318.17,16.64,43.96,167.9,5.92,1961.44,24.76,65.41,41.32,-1.377667524
10/1/99,1300.01,16.66,45.36,168.2,6.11,1930.97,24.74,67.38,40.55,6.999176929
11/1/99,1391,16.67,46.77,168.3,6.03,2064.89,24.75,69.42,43.21,2.708842559
12/1/99,1428.68,16.69,48.17,168.3,6.28,2120.83,24.78,71.51,44.2,-0.216283562
1/1/00,1425.59,16.71,49.1,168.8,6.66,2109.97,24.74,72.67,43.77,-2.575775644
2/1/00,1388.87,16.74,50.02,169.8,6.52,2043.52,24.63,73.6,42.19,3.840532231
3/1/00,1442.21,16.76,50.95,171.2,6.26,2104.65,24.46,74.35,43.22,1.327823271
4/1/00,1461.36,16.74,51.27,171.3,5.99,2131.35,24.41,74.78,43.53,-2.934253025
5/1/00,1418.48,16.72,51.6,171.5,6.44,2066.39,24.36,75.16,41.97,3.065252947
6/1/00,1461.96,16.7,51.92,172.4,6.1,2118.62,24.2,75.24,42.78,0.75515062
7/1/00,1473,16.58,52.51,172.8,6.05,2129.67,23.98,75.92,42.76,0.845892736
8/1/00,1485.46,16.47,53.11,172.8,5.83,2147.69,23.81,76.78,42.87,-1.17202752
9/1/00,1468.05,16.35,53.7,173.7,5.8,2111.52,23.52,77.24,41.9,-5.307039951
10/1/00,1390.14,16.32,52.47,174,5.74,1996.01,23.44,75.33,39.37,-0.870415929
11/1/00,1378.04,16.3,51.23,174.1,5.72,1977.5,23.39,73.52,38.78,-3.418623552
12/1/00,1330.93,16.27,50,174,5.24,1911,23.36,71.79,37.27,0.353136529
1/1/01,1335.63,16.17,48.48,175.1,5.16,1905.7,23.07,69.17,36.98,-2.237146515
2/1/01,1305.75,16.07,46.96,175.8,5.1,1855.65,22.84,66.74,35.83,-9.182462186
3/1/01,1185.85,15.97,45.44,176.2,4.89,1681.43,22.64,64.43,32.33,0.336467513
4/1/01,1189.84,15.88,42.56,176.9,5.14,1680.41,22.42,60.1,32.17,6.768136892
5/1/01,1270.37,15.78,39.67,177.7,5.39,1786.06,22.19,55.78,34.07,-2.492187316
6/1/01,1238.71,15.69,36.79,178,5.28,1738.62,22.02,51.64,33.07,-2.76578053
7/1/01,1204.45,15.71,33.96,177.5,5.24,1695.29,22.11,47.8,32.16,-2.154510357
8/1/01,1178.5,15.72,31.14,177.5,4.97,1658.77,22.13,43.83,31.4,-11.35850658
9/1/01,1044.64,15.74,28.31,178.3,4.73,1463.76,22.06,39.67,27.67,3.058469904
10/1/01,1076.59,15.74,27.1,177.7,4.57,1513.62,22.13,38.11,28.58,4.931310898
11/1/01,1129.68,15.74,25.9,177.4,4.65,1590.95,22.17,36.47,30.01,1.349939806
12/1/01,1144.93,15.74,24.69,176.7,5.09,1618.81,22.25,34.91,30.5,-0.412252277
1/1/02,1140.21,15.74,24.69,177.1,5.04,1608.5,22.2,34.83,30.28,-3.467782251
2/1/02,1100.67,15.73,24.7,177.8,4.91,1546.61,22.11,34.7,29.09,4.826151344
3/1/02,1153.79,15.73,24.7,178.8,5.28,1612.18,21.98,34.51,30.29,-3.628043231
4/1/02,1111.93,15.83,25.38,179.8,5.21,1545.05,22,35.27,29.01,-2.939033932
5/1/02,1079.25,15.94,26.06,179.8,5.16,1499.64,22.14,36.21,28.13,-6.044012045
6/1/02,1014.02,16.04,26.74,179.9,4.93,1408.22,22.28,37.14,26.39,-10.89031775
7/1/02,903.59,15.96,27.84,180.1,4.65,1253.46,22.14,38.62,23.46,0.991600173
8/1/02,912.55,15.88,28.94,180.7,4.26,1261.69,21.96,40.01,23.59,-4.902745055
9/1/02,867.81,15.8,30.04,181,3.87,1197.84,21.81,41.46,22.37,-1.518765628
10/1/02,854.63,15.89,29.22,181.3,3.94,1177.7,21.9,40.27,21.96,6.470636416
11/1/02,909.93,15.98,28.41,181.3,4.05,1253.9,22.02,39.15,23.35,-1.181409559
12/1/02,899.18,16.07,27.59,180.9,4.03,1241.83,22.19,38.1,23.1,-0.371449543
1/1/03,895.84,16.12,28.5,181.7,4.05,1231.77,22.16,39.19,22.9,-6.564788355
2/1/03,837.03,16.17,29.41,183.1,3.9,1142.11,22.06,40.13,21.21,1.146912297
3/1/03,846.63,16.22,30.32,184.2,3.81,1148.31,22,41.12,21.31,5.126206253
4/1/03,890.03,16.2,31.73,183.8,3.96,1209.8,22.02,43.13,22.43,5.160500208
5/1/03,935.96,16.19,33.14,183.5,3.57,1274.31,22.04,45.12,23.59,5.56006667
6/1/03,988,16.17,34.55,183.7,3.33,1343.7,21.99,46.99,24.83,0.45951417
7/1/03,992.54,16.31,35.89,183.9,3.98,1348.41,22.16,48.76,24.87,-0.303262337
8/1/03,989.53,16.45,37.24,184.6,4.45,1339.22,22.26,50.4,24.64,3.022647115
9/1/03,1019.44,16.59,38.58,185.2,4.27,1375.23,22.38,52.04,25.24,1.892215334
10/1/03,1038.73,16.86,41.97,185,4.29,1402.77,22.76,56.67,25.68,1.075351631
11/1/03,1049.9,17.12,45.35,184.5,4.3,1421.69,23.19,61.41,25.95,2.927897895
12/1/03,1080.64,17.39,48.74,184.3,4.27,1464.91,23.57,66.07,26.64,4.80085875
1/1/04,1132.52,17.6,49.83,185.2,4.15,1527.77,23.74,67.22,27.66,0.957157489
2/1/04,1143.36,17.81,50.91,186.2,4.08,1534.11,23.9,68.31,27.65,-1.695004198
3/1/04,1123.98,18.02,52,187.4,3.83,1498.45,24.02,69.32,26.89,0.834534422
4/1/04,1133.36,18.21,53.38,188,4.35,1506.14,24.2,70.94,26.9,-2.698171808
5/1/04,1102.78,18.41,54.77,189.1,4.72,1456.97,24.32,72.36,25.9,2.718583942
6/1/04,1132.76,18.6,56.15,189.7,4.73,1491.85,24.5,73.95,26.4,-2.375613546
7/1/04,1105.85,18.79,56.69,189.4,4.5,1458.71,24.78,74.78,25.7,-1.52914048
8/1/04,1088.94,18.97,57.23,189.5,4.28,1435.65,25.01,75.45,25.17,2.637427223
9/1/04,1117.66,19.16,57.77,189.9,4.13,1470.41,25.21,76,25.67,-0.040262692
10/1/04,1117.21,19.25,58.03,190.9,4.1,1462.12,25.2,75.95,25.41,4.630284369
11/1/04,1168.94,19.35,58.29,191,4.19,1529.02,25.31,76.25,26.47,2.589525553
12/1/04,1199.21,19.44,58.55,190.3,4.23,1574.38,25.52,76.87,27.14,-1.484310504
1/1/05,1181.41,19.7,59.11,190.7,4.22,1547.76,25.81,77.44,26.59,1.542224968
2/1/05,1199.63,19.97,59.66,191.8,4.17,1562.62,26.01,77.72,26.74,-0.394288239
3/1/05,1194.9,20.23,60.22,193.3,4.5,1544.38,26.15,77.83,26.34,-2.550004184
4/1/05,1164.43,20.46,61.23,194.6,4.34,1494.94,26.27,78.61,25.41,1.189423151
5/1/05,1178.28,20.7,62.25,194.4,4.14,1514.28,26.6,80,25.65,2.034321214
6/1/05,1202.25,20.93,63.26,194.5,4,1544.29,26.88,81.26,26.07,1.662715741
7/1/05,1222.24,21.11,64.33,195.4,4.18,1562.74,26.99,82.25,26.29,0.166088493
8/1/05,1224.27,21.29,65.4,196.4,4.26,1557.36,27.08,83.19,26.1,0.134774192
9/1/05,1225.92,21.47,66.47,198.8,4.2,1540.64,26.98,83.53,25.73,-2.770164448
10/1/05,1191.96,21.72,67.59,199.2,4.46,1494.95,27.24,84.77,24.88,3.8096916
11/1/05,1237.37,21.97,68.71,197.6,4.54,1564.47,27.78,86.87,25.93,1.996169295
12/1/05,1262.07,22.22,69.83,196.8,4.47,1602.18,28.21,88.65,26.44,1.320053563
1/1/06,1278.73,22.41,70.78,198.3,4.42,1611.05,28.23,89.17,26.47,-0.162661391
2/1/06,1276.65,22.59,71.72,198.7,4.57,1605.2,28.41,90.18,26.25,1.338659774
3/1/06,1293.74,22.78,72.67,199.8,4.72,1617.73,28.48,90.87,26.33,0.651599239
4/1/06,1302.17,23,73.28,201.5,4.99,1614.53,28.52,90.85,26.15,-0.933825845
5/1/06,1290.01,23.22,73.88,202.5,5.11,1591.56,28.65,91.15,25.65,-2.855791816
6/1/06,1253.17,23.44,74.49,202.9,5.11,1543.06,28.86,91.72,24.75,0.564169267
7/1/06,1260.24,23.66,75.85,203.5,5.09,1547.19,29.05,93.12,24.7,2.13530756
8/1/06,1287.15,23.88,77.21,203.9,4.88,1577.12,29.26,94.6,25.05,2.376568388
9/1/06,1317.74,24.1,78.57,202.9,4.72,1622.56,29.67,96.75,25.64,3.463505699
10/1/06,1363.38,24.36,79.55,201.8,4.73,1687.91,30.16,98.49,26.54,1.852748317
11/1/06,1388.64,24.62,80.53,201.5,4.6,1721.74,30.53,99.85,26.93,2.000518493
12/1/06,1416.42,24.88,81.51,201.8,4.56,1753.58,30.8,100.91,27.28,0.546448087
1/1/07,1424.16,25.08,82.06,202.42,4.76,1757.79,30.96,101.28,27.21,1.449275362
2/1/07,1444.8,25.29,82.6,203.5,4.72,1773.78,31.04,101.41,27.32,-2.619739756
3/1/07,1406.95,25.49,83.15,205.35,4.56,1711.72,31.01,101.16,26.23,4.029283201
4/1/07,1463.64,25.72,83.74,206.69,4.69,1769.2,31.09,101.22,26.98,3.245333552
5/1/07,1511.14,25.94,84.33,207.95,4.75,1815.52,31.17,101.32,27.55,0.201834377
6/1/07,1514.19,26.17,84.92,208.35,5.1,1815.67,31.38,101.83,27.42,0.430593254
7/1/07,1520.71,26.44,82.81,208.3,5,1823.95,31.71,99.33,27.41,-4.345996278
8/1/07,1454.62,26.71,80.71,207.92,4.67,1747.89,32.1,96.98,26.15,2.921725262
9/1/07,1497.12,26.98,78.6,208.49,4.52,1794.01,32.33,94.19,26.73,2.841455595
10/1/07,1539.66,27.23,74.46,208.94,4.53,1841.05,32.56,89.04,27.32,-4.953691075
11/1/07,1463.39,27.48,70.32,210.18,4.15,1739.52,32.67,83.59,25.73,1.081734876
12/1/07,1479.22,27.73,66.18,210.04,4.1,1759.52,32.98,78.72,25.96,-6.791417098
1/1/08,1378.76,27.92,64.25,211.08,3.74,1631.91,33.05,76.05,24.02,-1.732716354
2/1/08,1354.87,28.11,62.32,211.69,3.74,1598.99,33.17,73.55,23.5,-2.799530582
3/1/08,1316.94,28.3,60.39,213.53,3.51,1540.87,33.11,70.66,22.61,4.064725804
4/1/08,1370.47,28.44,57.38,214.82,3.68,1593.83,33.07,66.74,23.36,2.389691128
5/1/08,1403.22,28.57,54.38,216.63,3.88,1618.29,32.95,62.71,23.7,-4.416271148
6/1/08,1341.25,28.71,51.37,218.81,4.1,1531.39,32.78,58.65,22.42,-6.256849953
7/1/08,1257.33,28.76,49.56,219.96,4.01,1428.08,32.66,56.29,20.91,1.919941463
8/1/08,1281.47,28.8,47.76,219.09,3.89,1461.33,32.85,54.46,21.4,-5.034842798
9/1/08,1216.95,28.85,45.95,218.78,3.69,1389.68,32.94,52.47,20.36,-20.39114179
10/1/08,968.8,28.7,35.59,216.57,3.81,1117.59,33.1,41.06,16.39,-8.852188274
11/1/08,883.04,28.54,25.24,212.43,3.53,1038.55,33.57,29.68,15.26,-0.620583439
12/1/08,877.56,28.39,14.88,210.23,2.42,1042.89,33.74,17.68,15.38,-1.365148822
1/1/09,865.58,28.01,12.21,211.14,2.52,1024.2,33.15,14.44,15.17,-6.972203609
2/1/09,805.23,27.64,9.53,212.19,2.87,948.08,32.54,11.22,14.12,-5.97344858
3/1/09,757.13,27.26,6.86,212.71,2.82,889.28,32.02,8.06,13.32,12.02171358
4/1/09,848.15,26.7,7.08,213.24,2.93,993.71,31.29,8.29,14.98,6.397453281
5/1/09,902.41,26.15,7.29,213.86,3.29,1054.23,30.55,8.52,16,2.627408827
6/1/09,926.12,25.59,7.51,215.69,3.72,1072.72,29.64,8.7,16.38,1.047380469
7/1/09,935.82,25.03,9.19,215.35,3.56,1085.67,29.03,10.66,16.69,7.897886346
8/1/09,1009.73,24.46,10.86,215.83,3.59,1168.8,28.32,12.57,18.09,3.448446614
9/1/09,1044.55,23.9,12.54,215.97,3.4,1208.35,27.65,14.51,18.83,2.212435977
10/1/09,1067.66,23.4,25.35,216.18,3.39,1233.89,27.05,29.3,19.36,1.911657269
11/1/09,1088.07,22.91,38.16,216.33,3.4,1256.59,26.45,44.07,19.81,2.05041955
12/1/09,1110.38,22.41,50.97,215.95,3.59,1284.62,25.93,58.97,20.32,1.188782219
1/1/10,1123.58,22.24,54.29,216.69,3.73,1295.46,25.64,62.6,20.53,-3.063422275
2/1/10,1089.16,22.07,57.61,216.74,3.69,1255.47,25.44,66.41,19.92,5.774174593
3/1/10,1152.05,21.9,60.93,217.63,3.73,1322.53,25.14,69.95,21,3.929516948
4/1/10,1197.32,21.95,62.99,218.01,3.85,1372.11,25.15,72.18,21.8,-6.035145158
5/1/10,1125.06,21.99,65.04,218.18,3.42,1288.31,25.18,74.48,20.48,-3.706468988
6/1/10,1083.36,22.04,67.1,217.97,3.2,1241.77,25.26,76.91,19.74,-0.328607296
7/1/10,1079.8,22.14,68.69,218.01,3.01,1237.43,25.38,78.71,19.67,0.692720874
8/1/10,1087.28,22.25,70.27,218.31,2.7,1244.28,25.46,80.42,19.77,3.200647487
9/1/10,1122.08,22.35,71.86,218.44,2.65,1283.36,25.56,82.19,20.38,4.411450164
10/1/10,1171.58,22.48,73.69,218.71,2.54,1338.31,25.68,84.18,21.24,2.331040134
11/1/10,1198.89,22.6,75.52,218.8,2.76,1368.93,25.81,86.23,21.7,3.55662321
12/1/10,1241.53,22.73,77.35,219.18,3.29,1415.18,25.91,88.17,22.4,3.309626026
1/1/11,1282.62,22.96,78.67,220.22,3.39,1455.09,26.05,89.25,22.98,3.00166846
2/1/11,1321.12,23.2,79.99,221.31,3.58,1491.41,26.19,90.3,23.49,-1.258780429
3/1/11,1304.49,23.43,81.31,223.47,3.41,1458.42,26.19,90.9,22.9,2.071307561
4/1/11,1331.51,23.73,82.16,224.91,3.46,1479.1,26.36,91.27,23.14,0.51069838
5/1/11,1338.31,24.04,83.02,225.96,3.17,1479.69,26.58,91.79,23.06,-3.8122707
6/1/11,1287.29,24.34,83.87,225.72,3,1424.81,26.94,92.83,22.1,2.944169534
7/1/11,1325.19,24.62,84.91,225.92,3,1465.46,27.23,93.89,22.61,-10.55546752
8/1/11,1185.31,24.9,85.94,226.54,2.3,1307.17,27.46,94.78,20.05,-0.964304697
9/1/11,1173.88,25.18,86.98,226.89,1.98,1292.6,27.73,95.78,19.7,2.840154019
10/1/11,1207.22,25.6,86.97,226.42,2.15,1332.06,28.24,95.96,20.16,1.590430907
11/1/11,1226.42,26.01,86.96,226.23,2.01,1354.39,28.73,96.03,20.35,1.377994488
12/1/11,1243.32,26.43,86.95,225.67,1.98,1376.45,29.26,96.26,20.52,4.605411318
1/1/12,1300.58,26.74,87.48,226.66,1.97,1433.53,29.47,96.42,21.21,3.991296191
2/1/12,1352.49,27.04,88.01,227.66,1.97,1484.21,29.68,96.58,21.8,2.717210478
3/1/12,1389.24,27.35,88.54,229.39,2.17,1513.05,29.79,96.43,22.05,-0.202268866
4/1/12,1386.43,27.67,88.33,230.09,2.05,1505.44,30.05,95.92,21.78,-3.2572867
5/1/12,1341.27,28,88.13,229.81,1.8,1458.12,30.44,95.8,20.94,-1.326354873
6/1/12,1323.48,28.32,87.92,229.48,1.62,1440.89,30.83,95.72,20.55,2.742769063
7/1/12,1359.78,28.74,87.45,229.1,1.53,1482.83,31.34,95.36,21,3.211548927
8/1/12,1403.45,29.17,86.97,230.38,1.68,1521.98,31.63,94.32,21.41,2.847981759
9/1/12,1443.42,29.59,86.5,231.41,1.72,1558.37,31.95,93.39,21.78,-0.387967466
10/1/12,1437.82,30.14,86.5,231.32,1.75,1552.93,32.56,93.43,21.58,-3.012199024
11/1/12,1394.51,30.7,86.51,230.22,1.65,1513.32,33.31,93.88,20.9,1.992097583
12/1/12,1422.29,31.25,86.51,229.6,1.72,1547.63,34,94.13,21.24,4.085664668
1/1/13,1480.4,31.54,86.91,230.28,1.91,1606.12,34.21,94.29,21.9,2.155498514
2/1/13,1512.31,31.82,87.3,232.17,1.98,1627.41,34.25,93.95,22.05,2.547096825
3/1/13,1550.83,32.11,87.7,232.77,1.96,1664.51,34.46,94.13,22.42,1.281249395
4/1/13,1570.7,32.5,88.78,232.53,1.76,1687.59,34.92,95.39,22.6,4.401859044
5/1/13,1639.84,32.88,89.87,232.94,1.93,1758.74,35.27,96.38,23.41,-1.284881452
6/1/13,1618.77,33.27,90.95,233.5,2.3,1731.99,35.6,97.31,22.93,3.08320515
7/1/13,1668.68,33.65,92.09,233.6,2.58,1784.69,35.99,98.49,23.49,0.084497927
8/1/13,1670.09,34.02,93.23,233.88,2.74,1784.05,36.34,99.59,23.36,1.022699375
9/1/13,1687.17,34.4,94.37,234.15,2.81,1800.2,36.7,100.69,23.44,1.947640131
10/1/13,1720.03,34.6,96.31,233.55,2.62,1840,37.01,103.03,23.83,3.692377459
11/1/13,1783.54,34.79,98.26,233.07,2.72,1911.84,37.3,105.33,24.64,1.359094834
12/1/13,1807.78,34.99,100.2,233.05,2.9,1937.99,37.51,107.42,24.86,0.806514067
1/1/14,1822.36,35.4,100.42,233.92,2.86,1946.38,37.81,107.25,24.86,-0.291929147
2/1/14,1817.04,35.82,100.63,234.78,2.71,1933.55,38.11,107.09,24.59,2.558006428
3/1/14,1863.52,36.23,100.85,236.29,2.72,1970.32,38.31,106.63,24.96,0.039709797
4/1/14,1864.26,36.61,101.61,237.07,2.71,1964.63,38.58,107.08,24.79,1.368371365
5/1/14,1889.77,37,102.36,237.9,2.56,1984.58,38.85,107.5,24.94,3.033173349
6/1/14,1947.09,37.38,103.12,238.34,2.6,2040.98,39.18,108.09,25.56,1.335839638
7/1/14,1973.1,37.75,104.07,238.25,2.54,2069.05,39.59,109.13,25.82,-0.586386904
8/1/14,1961.53,38.12,105.01,237.85,2.42,2060.36,40.04,110.3,25.62,1.616085403
9/1/14,1993.23,38.49,105.96,238.03,2.53,2092.08,40.4,111.21,25.92,-2.807503399
10/1/14,1937.27,38.81,104.74,237.43,2.3,2038.46,40.83,110.21,25.16,5.538722016
11/1/14,2044.57,39.12,103.53,236.15,2.33,2163.05,41.39,109.53,26.61,0.474427386
12/1/14,2054.27,39.44,102.31,234.81,2.21,2185.7,41.96,108.86,26.79,-1.270037532
1/1/15,2028.18,39.9,101.29,233.71,1.88,2168.15,42.65,108.28,26.49,2.663471684
2/1/15,2082.2,40.35,100.27,234.72,1.98,2216.27,42.95,106.73,27,-0.106137739
3/1/15,2079.99,40.81,99.25,236.12,2.04,2200.82,43.18,105.02,26.73,0.714907283
4/1/15,2094.86,41.12,97.8,236.6,1.94,2212.06,43.42,103.27,26.79,0.815328948
5/1/15,2111.94,41.43,96.36,237.81,2.2,2218.78,43.53,101.23,26.81,-0.59897535
6/1/15,2099.29,41.74,94.91,238.64,2.36,2197.79,43.7,99.36,26.5,-0.245321037
7/1/15,2094.14,42,93.49,238.65,2.32,2192.26,43.96,97.87,26.38,-2.591517282
8/1/15,2039.87,42.25,92.08,238.32,2.17,2138.47,44.3,96.53,25.69,-4.679709982
9/1/15,1944.41,42.51,90.66,237.94,2.17,2041.58,44.63,95.19,24.5,4.13493039
10/1/15,2024.81,42.8,89.28,237.84,2.07,2126.95,44.96,93.79,25.49,2.756307999
11/1/15,2080.62,43.1,87.91,237.34,2.26,2190.2,45.37,92.54,26.23,-1.275581317
12/1/15,2054.08,43.39,86.53,236.53,2.24,2169.67,45.83,91.4,25.97,-6.595653529
1/1/16,1918.6,43.55,86.5,236.92,2.09,2023.23,45.93,91.22,24.21,-0.73908058
2/1/16,1904.42,43.72,86.47,237.11,1.78,2006.62,46.06,91.11,24,6.171432772
3/1/16,2021.95,43.88,86.44,238.13,1.89,2121.32,46.04,90.69,25.37,2.650411731
4/1/16,2075.54,44.07,86.6,239.26,1.81,2167.27,46.02,90.43,25.92,-0.481320524
5/1/16,2065.55,44.27,86.76,240.23,1.81,2148.15,46.04,90.23,25.69,0.887899107
6/1/16,2083.89,44.46,86.92,241.02,1.64,2160.13,46.09,90.1,25.84,3.11964643
7/1/16,2148.9,44.65,87.64,240.63,1.5,2231.13,46.36,91,26.69,1.02610638
8/1/16,2170.95,44.84,88.37,240.85,1.56,2251.95,46.51,91.66,26.95,-0.61079251
9/1/16,2157.69,45.03,89.09,241.43,1.63,2232.83,46.6,92.19,26.73,-0.679893775
10/1/16,2143.02,45.25,90.91,241.73,1.76,2214.89,46.77,93.96,26.53,1.025188752
11/1/16,2164.99,45.48,92.73,241.35,2.14,2241.08,47.07,95.99,26.85,3.77091811
12/1/16,2246.63,45.7,94.55,241.43,2.49,2324.83,47.29,97.84,27.87,1.268121587
1/1/17,2275.12,45.93,96.46,242.84,2.43,2340.67,47.25,99.24,28.06,2.408224621
2/1/17,2329.91,46.15,98.38,243.6,2.42,2389.52,47.33,100.89,28.66,1.584181363
3/1/17,2366.82,46.38,100.29,243.8,2.48,2425.4,47.53,102.77,29.09,-0.317303386
4/1/17,2359.31,46.66,101.53,244.52,2.3,2410.56,47.67,103.74,28.9,1.527565263
5/1/17,2395.35,46.94,102.78,244.73,2.3,2445.29,47.92,104.92,29.31,1.613125431
6/1/17,2433.99,47.22,104.02,244.96,2.19,2482.48,48.16,106.09,29.75,0.826215391
7/1/17,2454.1,47.54,105.04,244.79,2.32,2504.72,48.52,107.21,30,0.086386048
8/1/17,2456.22,47.85,106.06,245.52,2.21,2499.4,48.69,107.92,29.91,1.490908795
9/1/17,2492.84,48.17,107.08,246.82,2.2,2523.31,48.76,108.39,30.17,2.573771281
10/1/17,2557,48.42,108.01,246.66,2.36,2589.89,49.05,109.4,30.92,1.431755964
11/1/17,2593.61,48.68,108.95,246.67,2.35,2626.9,49.3,110.35,31.3,2.727086956
12/1/17,2664.34,48.93,109.88,246.52,2.4,2700.13,49.59,111.36,32.09,4.708858479
,,,,,,,,,,
,,,,,,,,,,
,,,,,,,,,,
,,,,,,,,,,
,,,,,,,,,,
,,,,,,,,,,
,,,,,,,,,,
,,,,,,,,,,
,,,,,,,,,,
,,,,,,,,,,
,,,,,,,,,,
,,,,,,,,,,
,,,,,,,,,,
,,,,,,,,,,
,,,,,,,,,,
,,,,,,,,,,
,,,,,,,,,,
,,,,,,,,,,
,,,,,,,,,,
,,,,,,,,,,
,,,,,,,,,,
,,,,,,,,,,
,,,,,,,,,,
,,,,,,,,,,
,,,,,,,,,,
,,,,,,,,,,
,,,,,,,,,,
,,,,,,,,,,
,,,,,,,,,,
,,,,,,,,,,
,,,,,,,,,,
,,,,,,,,,,
,,,,,,,,,,
,,,,,,,,,,
,,,,,,,,,,
,,,,,,,,,,
,,,,,,,,,,
,,,,,,,,,,
,,,,,,,,,,
,,,,,,,,,,
,,,,,,,,,,
,,,,,,,,,,
,,,,,,,,,,
,,,,,,,,,,
,,,,,,,,,,
,,,,,,,,,,
,,,,,,,,,,
,,,,,,,,,,
,,,,,,,,,,
,,,,,,,,,,
,,,,,,,,,,
,,,,,,,,,,
,,,,,,,,,,
,,,,,,,,,,
,,,,,,,,,,
,,,,,,,,,,
,,,,,,,,,,
,,,,,,,,,,
,,,,,,,,,,
,,,,,,,,,,
,,,,,,,,,,
,,,,,,,,,,
,,,,,,,,,,
,,,,,,,,,,
,,,,,,,,,,
,,,,,,,,,,
,,,,,,,,,,
,,,,,,,,,,
,,,,,,,,,,
,,,,,,,,,,
,,,,,,,,,,
,,,,,,,,,,
,,,,,,,,,,
,,,,,,,,,,
,,,,,,,,,,
,,,,,,,,,,
,,,,,,,,,,
,,,,,,,,,,
,,,,,,,,,,
,,,,,,,,,,
,,,,,,,,,,
,,,,,,,,,,
,,,,,,,,,,
,,,,,,,,,,
,,,,,,,,,,
,,,,,,,,,,
,,,,,,,,,,
,,,,,,,,,,
,,,,,,,,,,
,,,,,,,,,,
,,,,,,,,,,
,,,,,,,,,,
,,,,,,,,,,
,,,,,,,,,,
,,,,,,,,,,
,,,,,,,,,,
,,,,,,,,,,
,,,,,,,,,,
,,,,,,,,,,
,,,,,,,,,,
,,,,,,,,,,
,,,,,,,,,,
,,,,,,,,,,
,,,,,,,,,,
,,,,,,,,,,
,,,,,,,,,,
,,,,,,,,,,
,,,,,,,,,,
,,,,,,,,,,
,,,,,,,,,,
,,,,,,,,,,
,,,,,,,,,,
,,,,,,,,,,
,,,,,,,,,,
,,,,,,,,,,
,,,,,,,,,,
,,,,,,,,,,
,,,,,,,,,,
,,,,,,,,,,
,,,,,,,,,,
,,,,,,,,,,
,,,,,,,,,,
,,,,,,,,,,
,,,,,,,,,,
,,,,,,,,,,
,,,,,,,,,,
,,,,,,,,,,
,,,,,,,,,,
,,,,,,,,,,
,,,,,,,,,,
,,,,,,,,,,
,,,,,,,,,,
,,,,,,,,,,
,,,,,,,,,,
,,,,,,,,,,
,,,,,,,,,,
,,,,,,,,,,
,,,,,,,,,,
,,,,,,,,,,
,,,,,,,,,,
,,,,,,,,,,
,,,,,,,,,,
,,,,,,,,,,
,,,,,,,,,,
,,,,,,,,,,
,,,,,,,,,,
,,,,,,,,,,
,,,,,,,,,,
,,,,,,,,,,
,,,,,,,,,,
,,,,,,,,,,
,,,,,,,,,,
,,,,,,,,,,
,,,,,,,,,,
,,,,,,,,,,
,,,,,,,,,,
,,,,,,,,,,
,,,,,,,,,,
,,,,,,,,,,
,,,,,,,,,,
,,,,,,,,,,
,,,,,,,,,,
,,,,,,,,,,
,,,,,,,,,,
,,,,,,,,,,
,,,,,,,,,,
,,,,,,,,,,
,,,,,,,,,,
,,,,,,,,,,
,,,,,,,,,,
,,,,,,,,,,
,,,,,,,,,,
,,,,,,,,,,
,,,,,,,,,,
,,,,,,,,,,
,,,,,,,,,,
,,,,,,,,,,
,,,,,,,,,,
,,,,,,,,,,
,,,,,,,,,,
,,,,,,,,,,
,,,,,,,,,,
,,,,,,,,,,
,,,,,,,,,,
,,,,,,,,,,
,,,,,,,,,,
,,,,,,,,,,
,,,,,,,,,,
,,,,,,,,,,
,,,,,,,,,,
,,,,,,,,,,
,,,,,,,,,,
,,,,,,,,,,
,,,,,,,,,,
,,,,,,,,,,
,,,,,,,,,,
,,,,,,,,,,
,,,,,,,,,,
,,,,,,,,,,
,,,,,,,,,,
,,,,,,,,,,
,,,,,,,,,,
,,,,,,,,,,
,,,,,,,,,,
,,,,,,,,,,
,,,,,,,,,,
,,,,,,,,,,
,,,,,,,,,,
,,,,,,,,,,
,,,,,,,,,,
,,,,,,,,,,
,,,,,,,,,,
,,,,,,,,,,
,,,,,,,,,,
,,,,,,,,,,
,,,,,,,,,,
,,,,,,,,,,
,,,,,,,,,,
,,,,,,,,,,
,,,,,,,,,,
,,,,,,,,,,
,,,,,,,,,,
,,,,,,,,,,
,,,,,,,,,,
,,,,,,,,,,
,,,,,,,,,,
,,,,,,,,,,
,,,,,,,,,,
,,,,,,,,,,
,,,,,,,,,,
,,,,,,,,,,
,,,,,,,,,,
,,,,,,,,,,
,,,,,,,,,,
,,,,,,,,,,
,,,,,,,,,,
,,,,,,,,,,
,,,,,,,,,,
,,,,,,,,,,
,,,,,,,,,,
,,,,,,,,,,
,,,,,,,,,,
,,,,,,,,,,
,,,,,,,,,,
,,,,,,,,,,
,,,,,,,,,,
,,,,,,,,,,
,,,,,,,,,,
,,,,,,,,,,
,,,,,,,,,,
,,,,,,,,,,
,,,,,,,,,,
,,,,,,,,,,
,,,,,,,,,,
,,,,,,,,,,
,,,,,,,,,,
,,,,,,,,,,
,,,,,,,,,,
,,,,,,,,,,
,,,,,,,,,,
,,,,,,,,,,
,,,,,,,,,,
,,,,,,,,,,
,,,,,,,,,,
,,,,,,,,,,
,,,,,,,,,,
,,,,,,,,,,
,,,,,,,,,,
,,,,,,,,,,
,,,,,,,,,,
,,,,,,,,,,
,,,,,,,,,,
,,,,,,,,,,
,,,,,,,,,,
,,,,,,,,,,
,,,,,,,,,,
,,,,,,,,,,
,,,,,,,,,,
,,,,,,,,,,
,,,,,,,,,,
,,,,,,,,,,
,,,,,,,,,,
,,,,,,,,,,
,,,,,,,,,,
,,,,,,,,,,
,,,,,,,,,,
,,,,,,,,,,
,,,,,,,,,,
,,,,,,,,,,
,,,,,,,,,,
,,,,,,,,,,
,,,,,,,,,,
,,,,,,,,,,
,,,,,,,,,,
,,,,,,,,,,
,,,,,,,,,,
,,,,,,,,,,
,,,,,,,,,,
,,,,,,,,,,
,,,,,,,,,,
,,,,,,,,,,
,,,,,,,,,,
,,,,,,,,,,
,,,,,,,,,,
,,,,,,,,,,
,,,,,,,,,,
,,,,,,,,,,
,,,,,,,,,,
,,,,,,,,,,
,,,,,,,,,,
,,,,,,,,,,
,,,,,,,,,,
,,,,,,,,,,
,,,,,,,,,,
,,,,,,,,,,
,,,,,,,,,,
,,,,,,,,,,
,,,,,,,,,,
,,,,,,,,,,
,,,,,,,,,,
,,,,,,,,,,
,,,,,,,,,,
,,,,,,,,,,
,,,,,,,,,,
,,,,,,,,,,
,,,,,,,,,,
,,,,,,,,,,
,,,,,,,,,,
,,,,,,,,,,
,,,,,,,,,,
,,,,,,,,,,
,,,,,,,,,,
,,,,,,,,,,
,,,,,,,,,,
,,,,,,,,,,
,,,,,,,,,,
,,,,,,,,,,
,,,,,,,,,,
,,,,,,,,,,
,,,,,,,,,,
,,,,,,,,,,
,,,,,,,,,,
,,,,,,,,,,
,,,,,,,,,,
,,,,,,,,,,
,,,,,,,,,,
,,,,,,,,,,
,,,,,,,,,,
,,,,,,,,,,
,,,,,,,,,,
,,,,,,,,,,
,,,,,,,,,,
,,,,,,,,,,
,,,,,,,,,,
,,,,,,,,,,
,,,,,,,,,,
,,,,,,,,,,
,,,,,,,,,,
,,,,,,,,,,
,,,,,,,,,,
,,,,,,,,,,
,,,,,,,,,,
,,,,,,,,,,
,,,,,,,,,,
,,,,,,,,,,
,,,,,,,,,,
,,,,,,,,,,
,,,,,,,,,,
,,,,,,,,,,
,,,,,,,,,,
,,,,,,,,,,
,,,,,,,,,,
,,,,,,,,,,
,,,,,,,,,,
,,,,,,,,,,
,,,,,,,,,,
,,,,,,,,,,
,,,,,,,,,,
,,,,,,,,,,
,,,,,,,,,,
,,,,,,,,,,
,,,,,,,,,,
,,,,,,,,,,
,,,,,,,,,,
,,,,,,,,,,
,,,,,,,,,,
,,,,,,,,,,
,,,,,,,,,,
,,,,,,,,,,
,,,,,,,,,,
,,,,,,,,,,
,,,,,,,,,,
,,,,,,,,,,
,,,,,,,,,,
,,,,,,,,,,
,,,,,,,,,,
,,,,,,,,,,
,,,,,,,,,,
,,,,,,,,,,
,,,,,,,,,,
,,,,,,,,,,
,,,,,,,,,,
,,,,,,,,,,
,,,,,,,,,,
,,,,,,,,,,
,,,,,,,,,,
,,,,,,,,,,
,,,,,,,,,,
,,,,,,,,,,
,,,,,,,,,,
,,,,,,,,,,
,,,,,,,,,,
,,,,,,,,,,
,,,,,,,,,,
,,,,,,,,,,
,,,,,,,,,,
,,,,,,,,,,
,,,,,,,,,,
,,,,,,,,,,
,,,,,,,,,,
,,,,,,,,,,
,,,,,,,,,,
,,,,,,,,,,
,,,,,,,,,,
,,,,,,,,,,
,,,,,,,,,,
,,,,,,,,,,
,,,,,,,,,,
,,,,,,,,,,
,,,,,,,,,,
,,,,,,,,,,
,,,,,,,,,,
,,,,,,,,,,
,,,,,,,,,,
,,,,,,,,,,
,,,,,,,,,,
,,,,,,,,,,
,,,,,,,,,,
,,,,,,,,,,
,,,,,,,,,,
,,,,,,,,,,
,,,,,,,,,,
,,,,,,,,,,
,,,,,,,,,,
,,,,,,,,,,
,,,,,,,,,,
,,,,,,,,,,
,,,,,,,,,,
,,,,,,,,,,
,,,,,,,,,,
,,,,,,,,,,
,,,,,,,,,,
,,,,,,,,,,
,,,,,,,,,,
,,,,,,,,,,
,,,,,,,,,,
,,,,,,,,,,
,,,,,,,,,,
,,,,,,,,,,
,,,,,,,,,,
,,,,,,,,,,
,,,,,,,,,,
,,,,,,,,,,
,,,,,,,,,,
,,,,,,,,,,
,,,,,,,,,,
,,,,,,,,,,
,,,,,,,,,,
,,,,,,,,,,
,,,,,,,,,,
,,,,,,,,,,
,,,,,,,,,,
,,,,,,,,,,
,,,,,,,,,,
,,,,,,,,,,
,,,,,,,,,,
,,,,,,,,,,
,,,,,,,,,,
,,,,,,,,,,
,,,,,,,,,,
,,,,,,,,,,
,,,,,,,,,,
,,,,,,,,,,
,,,,,,,,,,
,,,,,,,,,,
,,,,,,,,,,
,,,,,,,,,,
,,,,,,,,,,
,,,,,,,,,,
,,,,,,,,,,
,,,,,,,,,,
,,,,,,,,,,
,,,,,,,,,,
,,,,,,,,,,
,,,,,,,,,,
,,,,,,,,,,
,,,,,,,,,,
,,,,,,,,,,
,,,,,,,,,,
,,,,,,,,,,
,,,,,,,,,,
,,,,,,,,,,
,,,,,,,,,,
,,,,,,,,,,
,,,,,,,,,,
,,,,,,,,,,
,,,,,,,,,,
,,,,,,,,,,
,,,,,,,,,,
,,,,,,,,,,
,,,,,,,,,,
,,,,,,,,,,
,,,,,,,,,,
,,,,,,,,,,
,,,,,,,,,,
,,,,,,,,,,
,,,,,,,,,,
,,,,,,,,,,
,,,,,,,,,,
,,,,,,,,,,
,,,,,,,,,,
,,,,,,,,,,
,,,,,,,,,,
,,,,,,,,,,
,,,,,,,,,,
,,,,,,,,,,
,,,,,,,,,,
,,,,,,,,,,
,,,,,,,,,,
,,,,,,,,,,
,,,,,,,,,,
,,,,,,,,,,
,,,,,,,,,,
,,,,,,,,,,
,,,,,,,,,,
,,,,,,,,,,
,,,,,,,,,,
,,,,,,,,,,
,,,,,,,,,,
,,,,,,,,,,
,,,,,,,,,,
,,,,,,,,,,
,,,,,,,,,,
,,,,,,,,,,
,,,,,,,,,,
,,,,,,,,,,
,,,,,,,,,,
,,,,,,,,,,
,,,,,,,,,,
,,,,,,,,,,
,,,,,,,,,,
,,,,,,,,,,
,,,,,,,,,,
,,,,,,,,,,
,,,,,,,,,,
,,,,,,,,,,
,,,,,,,,,,
,,,,,,,,,,
,,,,,,,,,,
,,,,,,,,,,
,,,,,,,,,,
,,,,,,,,,,
,,,,,,,,,,
,,,,,,,,,,
,,,,,,,,,,
,,,,,,,,,,
,,,,,,,,,,
,,,,,,,,,,
,,,,,,,,,,
,,,,,,,,,,
,,,,,,,,,,
,,,,,,,,,,
,,,,,,,,,,
,,,,,,,,,,
,,,,,,,,,,
,,,,,,,,,,
,,,,,,,,,,
,,,,,,,,,,
,,,,,,,,,,
,,,,,,,,,,
,,,,,,,,,,
,,,,,,,,,,
,,,,,,,,,,
,,,,,,,,,,
,,,,,,,,,,
,,,,,,,,,,
,,,,,,,,,,
,,,,,,,,,,
,,,,,,,,,,
,,,,,,,,,,
,,,,,,,,,,
,,,,,,,,,,
,,,,,,,,,,
,,,,,,,,,,
,,,,,,,,,,
,,,,,,,,,,
,,,,,,,,,,
,,,,,,,,,,
,,,,,,,,,,
,,,,,,,,,,
,,,,,,,,,,
,,,,,,,,,,
,,,,,,,,,,
,,,,,,,,,,
,,,,,,,,,,
,,,,,,,,,,
,,,,,,,,,,
,,,,,,,,,,
,,,,,,,,,,
,,,,,,,,,,
,,,,,,,,,,
,,,,,,,,,,
,,,,,,,,,,
,,,,,,,,,,
,,,,,,,,,,
,,,,,,,,,,
,,,,,,,,,,
,,,,,,,,,,
,,,,,,,,,,
,,,,,,,,,,
,,,,,,,,,,
,,,,,,,,,,
,,,,,,,,,,
,,,,,,,,,,
,,,,,,,,,,
,,,,,,,,,,
,,,,,,,,,,
,,,,,,,,,,
,,,,,,,,,,
,,,,,,,,,,
,,,,,,,,,,
,,,,,,,,,,
,,,,,,,,,,
,,,,,,,,,,
,,,,,,,,,,
,,,,,,,,,,
,,,,,,,,,,
,,,,,,,,,,
,,,,,,,,,,
,,,,,,,,,,
,,,,,,,,,,
,,,,,,,,,,
,,,,,,,,,,
,,,,,,,,,,
,,,,,,,,,,
,,,,,,,,,,
,,,,,,,,,,
,,,,,,,,,,
,,,,,,,,,,
,,,,,,,,,,
,,,,,,,,,,
,,,,,,,,,,
,,,,,,,,,,
,,,,,,,,,,
,,,,,,,,,,
,,,,,,,,,,
,,,,,,,,,,
,,,,,,,,,,
,,,,,,,,,,
,,,,,,,,,,
,,,,,,,,,,
,,,,,,,,,,
,,,,,,,,,,
,,,,,,,,,,
,,,,,,,,,,
,,,,,,,,,,
,,,,,,,,,,
,,,,,,,,,,
,,,,,,,,,,
,,,,,,,,,,
,,,,,,,,,,
,,,,,,,,,,
,,,,,,,,,,
,,,,,,,,,,
,,,,,,,,,,
,,,,,,,,,,
,,,,,,,,,,
,,,,,,,,,,
,,,,,,,,,,
,,,,,,,,,,
,,,,,,,,,,
,,,,,,,,,,
,,,,,,,,,,
,,,,,,,,,,
,,,,,,,,,,
,,,,,,,,,,
,,,,,,,,,,
,,,,,,,,,,
,,,,,,,,,,
,,,,,,,,,,
,,,,,,,,,,
,,,,,,,,,,
,,,,,,,,,,
,,,,,,,,,,
,,,,,,,,,,
,,,,,,,,,,
,,,,,,,,,,
,,,,,,,,,,
,,,,,,,,,,
,,,,,,,,,,
,,,,,,,,,,
,,,,,,,,,,
,,,,,,,,,,
,,,,,,,,,,
,,,,,,,,,,
,,,,,,,,,,
,,,,,,,,,,
,,,,,,,,,,
,,,,,,,,,,
,,,,,,,,,,
,,,,,,,,,,
,,,,,,,,,,
,,,,,,,,,,
,,,,,,,,,,
,,,,,,,,,,
,,,,,,,,,,
,,,,,,,,,,
,,,,,,,,,,
,,,,,,,,,,
,,,,,,,,,,
,,,,,,,,,,
,,,,,,,,,,
,,,,,,,,,,
,,,,,,,,,,
,,,,,,,,,,
,,,,,,,,,,
,,,,,,,,,,
,,,,,,,,,,
,,,,,,,,,,
,,,,,,,,,,
,,,,,,,,,,
,,,,,,,,,,
,,,,,,,,,,
,,,,,,,,,,
,,,,,,,,,,
,,,,,,,,,,
,,,,,,,,,,
,,,,,,,,,,
,,,,,,,,,,
,,,,,,,,,,
,,,,,,,,,,
,,,,,,,,,,
,,,,,,,,,,
,,,,,,,,,,
,,,,,,,,,,
,,,,,,,,,,
,,,,,,,,,,
,,,,,,,,,,
,,,,,,,,,,
,,,,,,,,,,
,,,,,,,,,,
,,,,,,,,,,
,,,,,,,,,,
,,,,,,,,,,
,,,,,,,,,,
,,,,,,,,,,
,,,,,,,,,,
,,,,,,,,,,
,,,,,,,,,,
,,,,,,,,,,
,,,,,,,,,,
,,,,,,,,,,
,,,,,,,,,,
,,,,,,,,,,
,,,,,,,,,,
,,,,,,,,,,
,,,,,,,,,,
,,,,,,,,,,
,,,,,,,,,,
,,,,,,,,,,
,,,,,,,,,,
,,,,,,,,,,
,,,,,,,,,,
,,,,,,,,,,
,,,,,,,,,,
,,,,,,,,,,
,,,,,,,,,,
,,,,,,,,,,
,,,,,,,,,,
,,,,,,,,,,
,,,,,,,,,,
,,,,,,,,,,
,,,,,,,,,,
,,,,,,,,,,
,,,,,,,,,,
,,,,,,,,,,
,,,,,,,,,,
,,,,,,,,,,
,,,,,,,,,,
,,,,,,,,,,
,,,,,,,,,,
,,,,,,,,,,
,,,,,,,,,,
,,,,,,,,,,
,,,,,,,,,,
,,,,,,,,,,
,,,,,,,,,,
,,,,,,,,,,
,,,,,,,,,,
,,,,,,,,,,
,,,,,,,,,,
,,,,,,,,,,
,,,,,,,,,,
,,,,,,,,,,
,,,,,,,,,,
,,,,,,,,,,
,,,,,,,,,,
,,,,,,,,,,
,,,,,,,,,,
,,,,,,,,,,
,,,,,,,,,,
,,,,,,,,,,
,,,,,,,,,,
,,,,,,,,,,
,,,,,,,,,,
,,,,,,,,,,
,,,,,,,,,,
,,,,,,,,,,
,,,,,,,,,,
,,,,,,,,,,
,,,,,,,,,,
,,,,,,,,,,
,,,,,,,,,,
,,,,,,,,,,
,,,,,,,,,,
,,,,,,,,,,
,,,,,,,,,,
,,,,,,,,,,
,,,,,,,,,,
,,,,,,,,,,
,,,,,,,,,,
,,,,,,,,,,
,,,,,,,,,,
,,,,,,,,,,
,,,,,,,,,,
,,,,,,,,,,
,,,,,,,,,,
,,,,,,,,,,
,,,,,,,,,,
,,,,,,,,,,
,,,,,,,,,,
,,,,,,,,,,
,,,,,,,,,,
,,,,,,,,,,
,,,,,,,,,,
,,,,,,,,,,
,,,,,,,,,,
,,,,,,,,,,
,,,,,,,,,,
,,,,,,,,,,
,,,,,,,,,,
,,,,,,,,,,
,,,,,,,,,,
,,,,,,,,,,
,,,,,,,,,,
,,,,,,,,,,
,,,,,,,,,,
,,,,,,,,,,
,,,,,,,,,,
,,,,,,,,,,
,,,,,,,,,,
,,,,,,,,,,
,,,,,,,,,,
,,,,,,,,,,
,,,,,,,,,,
,,,,,,,,,,
,,,,,,,,,,
,,,,,,,,,,
,,,,,,,,,,
,,,,,,,,,,
,,,,,,,,,,
,,,,,,,,,,
,,,,,,,,,,
,,,,,,,,,,
,,,,,,,,,,
,,,,,,,,,,
,,,,,,,,,,
,,,,,,,,,,
,,,,,,,,,,
,,,,,,,,,,
,,,,,,,,,,
,,,,,,,,,,
,,,,,,,,,,
,,,,,,,,,,
,,,,,,,,,,
,,,,,,,,,,
,,,,,,,,,,
,,,,,,,,,,
,,,,,,,,,,
,,,,,,,,,,
,,,,,,,,,,
,,,,,,,,,,
,,,,,,,,,,
,,,,,,,,,,
,,,,,,,,,,
,,,,,,,,,,
,,,,,,,,,,
,,,,,,,,,,
,,,,,,,,,,
,,,,,,,,,,
,,,,,,,,,,
,,,,,,,,,,
,,,,,,,,,,
,,,,,,,,,,
,,,,,,,,,,
,,,,,,,,,,
,,,,,,,,,,
,,,,,,,,,,
,,,,,,,,,,
,,,,,,,,,,
,,,,,,,,,,
,,,,,,,,,,
,,,,,,,,,,
,,,,,,,,,,
,,,,,,,,,,
,,,,,,,,,,
,,,,,,,,,,
,,,,,,,,,,
,,,,,,,,,,
,,,,,,,,,,
,,,,,,,,,,
,,,,,,,,,,
,,,,,,,,,,
,,,,,,,,,,
,,,,,,,,,,
,,,,,,,,,,
,,,,,,,,,,
,,,,,,,,,,
,,,,,,,,,,
,,,,,,,,,,
,,,,,,,,,,
,,,,,,,,,,
,,,,,,,,,,
,,,,,,,,,,
,,,,,,,,,,
,,,,,,,,,,
,,,,,,,,,,
,,,,,,,,,,
,,,,,,,,,,
,,,,,,,,,,
,,,,,,,,,,
,,,,,,,,,,
,,,,,,,,,,
,,,,,,,,,,
,,,,,,,,,,
,,,,,,,,,,
,,,,,,,,,,
,,,,,,,,,,
,,,,,,,,,,
,,,,,,,,,,
,,,,,,,,,,
,,,,,,,,,,
,,,,,,,,,,
,,,,,,,,,,
,,,,,,,,,,
,,,,,,,,,,
,,,,,,,,,,
,,,,,,,,,,
,,,,,,,,,,
,,,,,,,,,,
,,,,,,,,,,
,,,,,,,,,,
,,,,,,,,,,
,,,,,,,,,,
,,,,,,,,,,
,,,,,,,,,,
,,,,,,,,,,
,,,,,,,,,,
,,,,,,,,,,
,,,,,,,,,,
,,,,,,,,,,
,,,,,,,,,,
,,,,,,,,,,
,,,,,,,,,,
,,,,,,,,,,
,,,,,,,,,,
,,,,,,,,,,
,,,,,,,,,,
,,,,,,,,,,
,,,,,,,,,,
,,,,,,,,,,
,,,,,,,,,,
,,,,,,,,,,
,,,,,,,,,,
,,,,,,,,,,
,,,,,,,,,,
,,,,,,,,,,
,,,,,,,,,,
,,,,,,,,,,
,,,,,,,,,,
,,,,,,,,,,
,,,,,,,,,,
,,,,,,,,,,
,,,,,,,,,,
,,,,,,,,,,
,,,,,,,,,,
,,,,,,,,,,
,,,,,,,,,,
,,,,,,,,,,
,,,,,,,,,,
,,,,,,,,,,
,,,,,,,,,,
,,,,,,,,,,
,,,,,,,,,,
,,,,,,,,,,
,,,,,,,,,,
,,,,,,,,,,
,,,,,,,,,,
,,,,,,,,,,
,,,,,,,,,,
,,,,,,,,,,
,,,,,,,,,,
,,,,,,,,,,
,,,,,,,,,,
,,,,,,,,,,
,,,,,,,,,,
,,,,,,,,,,
,,,,,,,,,,
,,,,,,,,,,
,,,,,,,,,,
,,,,,,,,,,
,,,,,,,,,,
,,,,,,,,,,
,,,,,,,,,,
,,,,,,,,,,
,,,,,,,,,,
,,,,,,,,,,
,,,,,,,,,,
,,,,,,,,,,
,,,,,,,,,,
,,,,,,,,,,
,,,,,,,,,,
,,,,,,,,,,
,,,,,,,,,,
,,,,,,,,,,
,,,,,,,,,,
,,,,,,,,,,
,,,,,,,,,,
,,,,,,,,,,
,,,,,,,,,,
,,,,,,,,,,
,,,,,,,,,,
,,,,,,,,,,
,,,,,,,,,,
,,,,,,,,,,
,,,,,,,,,,
,,,,,,,,,,
,,,,,,,,,,
,,,,,,,,,,
,,,,,,,,,,
,,,,,,,,,,
,,,,,,,,,,
,,,,,,,,,,
,,,,,,,,,,
,,,,,,,,,,
,,,,,,,,,,
,,,,,,,,,,
,,,,,,,,,,
,,,,,,,,,,
,,,,,,,,,,
,,,,,,,,,,
,,,,,,,,,,
,,,,,,,,,,
,,,,,,,,,,
,,,,,,,,,,
,,,,,,,,,,
,,,,,,,,,,
,,,,,,,,,,
,,,,,,,,,,
,,,,,,,,,,
,,,,,,,,,,
,,,,,,,,,,
,,,,,,,,,,
,,,,,,,,,,
,,,,,,,,,,
,,,,,,,,,,
,,,,,,,,,,
,,,,,,,,,,
,,,,,,,,,,
,,,,,,,,,,
,,,,,,,,,,
,,,,,,,,,,
,,,,,,,,,,
,,,,,,,,,,
,,,,,,,,,,
,,,,,,,,,,
,,,,,,,,,,
